106.jpg,204,165,147,1
11.jpg,204,165,147,1
114.jpg,204,165,147,1
106.jpg,204,165,147,1
11.jpg,167,162,146,1
114.jpg,212,162,146,1
115.jpg,165,171,146,1
12.jpg,166,178,146,1
125.jpg,190,167,146,1
133.jpg,198,163,147,1
147.jpg,177,164,146,1
151.jpg,174,164,144,1
154.jpg,176,166,144,1
157.jpg,175,162,143,1
160.jpg,168,160,144,1
161.jpg,189,158,144,1
163.jpg,185,172,144,1
167.jpg,159,171,144,1
17.jpg,163,171,144,1
170.jpg,167,160,146,1
171.jpg,164,164,143,1
172.jpg,161,163,143,1
173.jpg,173,167,144,1
175.jpg,168,155,145,1
176.jpg,173,154,146,1
179.jpg,175,165,143,1
180.jpg,173,153,145,1
181.jpg,162,153,146,1
182.jpg,175,162,143,1
183.jpg,165,156,146,1
185.jpg,167,154,145,1
186.jpg,166,155,146,1
187.jpg,165,156,144,1
188.jpg,174,186,146,1
189.jpg,184,202,147,1
190.jpg,174,186,148,1
193.jpg,164,173,146,1
199.jpg,219,169,145,1
201.jpg,206,168,144,1
202.jpg,217,170,144,1
203.jpg,206,169,144,1
204.jpg,219,170,144,1
205.jpg,211,155,144,1
206.jpg,218,171,144,1
207.jpg,206,168,147,1
208.jpg,215,152,144,1
209.jpg,219,156,144,1
21.jpg,165,170,144,1
210.jpg,166,172,144,1
211.jpg,219,170,144,1
212.jpg,221,168,144,1
213.jpg,206,155,144,1
215.jpg,211,158,144,1
216.jpg,207,155,147,1
217.jpg,202,156,146,1
218.jpg,203,171,146,1
219.jpg,211,169,147,1
220.jpg,202,155,146,1
221.jpg,202,153,146,1
222.jpg,165,170,144,1
224.jpg,162,165,148,1
227.jpg,156,168,148,1
228.jpg,179,169,148,1
229.jpg,175,169,149,1
23.jpg,161,171,145,1
230.jpg,175,170,149,1
231.jpg,164,169,149,1
232.jpg,164,169,147,1
233.jpg,151,167,146,1
235.jpg,193,169,146,1
236.jpg,187,167,148,1
237.jpg,183,167,146,1
238.jpg,173,161,143,1
240.jpg,186,167,148,1
241.jpg,165,168,149,1
242.jpg,172,169,150,1
243.jpg,174,162,149,1
244.jpg,177,162,150,1
245.jpg,178,164,151,1
247.jpg,199,162,151,1
248.jpg,191,162,150,1
249.jpg,193,160,151,1
250.jpg,161,167,150,1
251.jpg,186,161,151,1
252.jpg,187,163,150,1
253.jpg,171,161,149,1
254.jpg,170,169,149,1
256.jpg,184,162,149,1
257.jpg,192,161,148,1
259.jpg,197,161,150,1
261.jpg,190,162,150,1
263.jpg,196,161,150,1
264.jpg,199,156,149,1
265.jpg,185,162,152,1
269.jpg,181,163,150,1
27.jpg,176,164,145,1
270.jpg,178,162,153,1
271.jpg,170,163,145,1
272.jpg,165,162,146,1
273.jpg,170,163,148,1
274.jpg,154,169,150,1
275.jpg,156,170,150,1
276.jpg,177,161,150,1
277.jpg,180,162,149,1
283.jpg,188,164,150,1
281.jpg,170,164,148,1
282.jpg,181,162,149,1
283.jpg,181,164,147,1
285.jpg,177,174,150,1
286.jpg,178,174,152,1
287.jpg,181,175,150,1
288.jpg,171,172,151,1
289.jpg,186,174,150,1
29.jpg,173,160,146,1
290.jpg,197,171,147,1
291.jpg,192,170,148,1
297.jpg,195,169,149,1
298.jpg,184,168,150,1
299.jpg,199,167,146,1
302.jpg,196,168,148,1
305.jpg,192,170,148,1
306.jpg,195,164,149,1
308.jpg,189,167,150,1
309.jpg,181,166,151,1
31.jpg,167,160,145,1
311.jpg,192,164,148,1
312.jpg,187,165,149,1
313.jpg,183,163,148,1
317.jpg,190,167,149,1
323.jpg,198,165,147,1
324.jpg,199,164,149,1
326.jpg,189,169,151,1
327.jpg,174,168,149,1
328.jpg,179,168,150,1
329.jpg,179,168,150,1
332.jpg,163,166,149,1
333.jpg,184,168,150,1
335.jpg,197,166,150,1
336.jpg,195,166,149,1
337.jpg,190,167,150,1
338.jpg,191,166,151,1
339.jpg,198,166,150,1
34.jpg,171,160,145,1
340.jpg,165,164,149,1
341.jpg,170,164,149,1
343.jpg,176,166,148,1
344.jpg,173,179,150,1
345.jpg,173,169,148,1
346.jpg,171,169,150,1
347.jpg,166,168,151,1
348.jpg,166,166,149,1
349.jpg,173,167,149,1
351.jpg,144,162,149,1
353.jpg,205,167,147,1
354.jpg,211,166,149,1
355.jpg,190,166,149,1
356.jpg,191,164,151,1
36.jpg,177,161,146,1
361.jpg,152,169,146,1
363.jpg,183,170,148,1
364.jpg,175,171,148,1
365.jpg,174,172,150,1
368.jpg,191,169,150,1
369.jpg,184,165,151,1
37.jpg,173,161,145,1
373.jpg,170,172,147,1
374.jpg,173,182,149,1
375.jpg,172,168,149,1
376.jpg,180,172,150,1
378.jpg,172,172,149,1
379.jpg,180,172,150,1
380.jpg,176,169,150,1
